Year,Average GDP Forecast
2024,1.25052561473156
2025,0.7773400990741544
2026,0.278154965994013
2027,-0.2464832177092712
2028,0.8822138709340437
2029,0.40902835527336096
2030,-0.09015677780282237
